{
    "nodes": [
        {
            "id": 16945,
            "postId": 10015,
            "author": {
                "id": "1",
                "name": "admin",
                "email": "floria.gu@ubc.ca",
                "original_author_name": "",
                "original_author_email": ""
            },
            "type": "tapestry_node",
            "size": "",
            "title": "Root",
            "status": "publish",
            "thumbnailFileId": "",
            "lockedThumbnailFileId": "",
            "reviewStatus": "",
            "imageURL": "https:\/\/i.ytimg.com\/vi\/eCbyqm9jcBA\/maxresdefault.jpg",
            "lockedImageURL": "https:\/\/i.ytimg.com\/vi\/eCbyqm9jcBA\/maxresdefault.jpg",
            "mediaType": "video",
            "presentationStyle": "",
            "mediaFormat": "youtube",
            "mediaDuration": 10922,
            "description": "",
            "behaviour": "new-window",
            "typeData": {
                "linkMetadata": {
                    "title": "Ori and the Will of the Wisps: Original Soundtrack (Full Album) - Gareth Coker",
                    "description": "https:\/\/www.gareth-coker.net\/ http:\/\/smarturl.it\/wotw-ost timestamps 0:00 - Main Theme 1:56 - We Named Her Ku 2:58 - A Yearning for the Sky 6:30 - A Keepsake from the Past 8:52 - Ku's First Flight 11:37 - Separated by the Storm 15:25 - Howl 16:31 - Now Use the Light, We Want to See! 21:57 - A Shine Upon Inkwater Marsh 25:03 - Overlooking the Mill 28:48 - The Eyes of Kwolok 33:25 - Hornbug 35:18 - Dashing and Bashing 39:38 - Meeting Kwolok 40:47 - Kwolok's Throne Room 43:29 - Sanctuary in the Glades 46:15 - The Ancient Wellspring 49:10 - A Look Inside 52:18 - Trouble Within 53:01 - Turn, Turn, Turn Again 56:38 - Amelioration 58:47 - Escaping a Foul Presence 1:00:52 - Silent Woodlands 1:04:33 - Reunification 1:07:38 - Ash and Bone 1:11:19 - Shriek 1:12:41 - Fading of the Light 1:16:51 - The Story of Niwen 1:19:06 -...",
                    "image": "https:\/\/i.ytimg.com\/vi\/eCbyqm9jcBA\/maxresdefault.jpg",
                    "url": "https:\/\/youtu.be\/eCbyqm9jcBA"
                },
                "mediaURL": "https:\/\/youtu.be\/eCbyqm9jcBA",
                "mediaWidth": 960,
                "mediaHeight": 600,
                "textContent": "",
                "youtubeID": "eCbyqm9jcBA",
                "activity": {
                    "questions": [
                        {
                            "text": "",
                            "followUp": {
                                "enabled": false,
                                "text": "",
                                "nodeId": null,
                                "questionId": null
                            },
                            "answerTypes": {
                                "text": {
                                    "enabled": false,
                                    "placeholder": "",
                                    "isMultiLine": false,
                                    "allowMultiple": false,
                                    "minFields": 1,
                                    "maxFields": 100
                                },
                                "audio": {
                                    "enabled": false
                                },
                                "dragDrop": {
                                    "enabled": false
                                },
                                "multipleChoice": {
                                    "enabled": false,
                                    "allowSelectMultiple": false,
                                    "useImages": false,
                                    "choices": [],
                                    "preSelectedOptions": []
                                }
                            },
                            "confirmation": {
                                "title": "",
                                "message": ""
                            },
                            "completed": false,
                            "optional": false,
                            "id": "ef53d4bc-d47d-4eec-b654-087ec7b94c2d"
                        }
                    ]
                }
            },
            "coordinates": {
                "x": 2683.78515625,
                "y": 3589.309326171875
            },
            "permissions": {
                "public": [
                    "read"
                ],
                "authenticated": [
                    "read"
                ],
                "contributor": [
                    "read"
                ],
                "subscriber": [
                    "read"
                ],
                "user-1": [
                    "read",
                    "add",
                    "edit"
                ]
            },
            "hideTitle": false,
            "hideProgress": false,
            "hideMedia": false,
            "backgroundColor": "#8396a1",
            "textColor": "white",
            "skippable": true,
            "fullscreen": false,
            "conditions": [],
            "childOrdering": [],
            "fitWindow": true,
            "reviewComments": [],
            "license": {
                "name": "CC-BY-SA",
                "icons": [
                    "fab fa-creative-commons",
                    "fab fa-creative-commons-by",
                    "fab fa-creative-commons-sa"
                ],
                "type": "cc",
                "link": "",
                "description": ""
            },
            "references": "",
            "mapCoordinates": {
                "lat": "",
                "lng": ""
            },
            "popup": null
        },
        {
            "id": 16948,
            "postId": 10016,
            "author": {
                "id": "1",
                "name": "admin",
                "email": "floria.gu@ubc.ca",
                "original_author_name": "",
                "original_author_email": ""
            },
            "type": "tapestry_node",
            "size": "",
            "title": "Child",
            "status": "publish",
            "thumbnailFileId": 10017,
            "lockedThumbnailFileId": "",
            "reviewStatus": "",
            "imageURL": "simple-thumbnail.png",
            "lockedImageURL": "",
            "mediaType": "text",
            "presentationStyle": "",
            "mediaFormat": "",
            "mediaDuration": 0,
            "description": "",
            "behaviour": "new-window",
            "typeData": {
                "linkMetadata": null,
                "mediaURL": "",
                "mediaWidth": 960,
                "mediaHeight": 600,
                "textContent": ""
            },
            "coordinates": {
                "x": 3176.236036422287,
                "y": 3413.0247412376084,
                "fx": 3176.236036422287,
                "fy": 3413.0247412376084
            },
            "permissions": {
                "public": [
                    "read"
                ],
                "authenticated": [
                    "read"
                ],
                "contributor": [
                    "read"
                ],
                "subscriber": [
                    "read"
                ],
                "user-2": [
                    "read",
                    "edit"
                ],
                "user-1": [
                    "read",
                    "add",
                    "edit"
                ]
            },
            "hideTitle": false,
            "hideProgress": false,
            "hideMedia": false,
            "backgroundColor": "#8396a1",
            "textColor": "white",
            "skippable": true,
            "fullscreen": false,
            "conditions": [],
            "childOrdering": [],
            "fitWindow": true,
            "reviewComments": [],
            "license": {
                "name": "CC-BY-SA",
                "icons": [
                    "fab fa-creative-commons",
                    "fab fa-creative-commons-by",
                    "fab fa-creative-commons-sa"
                ],
                "type": "cc",
                "link": "",
                "description": ""
            },
            "references": "",
            "mapCoordinates": {
                "lat": "",
                "lng": ""
            },
            "popup": null
        }
    ],
    "links": [
        {
            "source": 16945,
            "target": 16948,
            "value": 1,
            "type": "",
            "addedOnNodeCreation": true
        },
        {
            "source": 16945,
            "target": 17183,
            "value": 1,
            "type": "",
            "addedOnNodeCreation": true
        }
    ],
    "settings": {
        "backgroundUrl": "",
        "autoLayout": false,
        "showAccess": true,
        "showRejected": false,
        "showAcceptedHighlight": true,
        "defaultPermissions": {
            "public": [
                "read"
            ],
            "authenticated": [
                "read"
            ],
            "contributor": [
                "read"
            ],
            "subscriber": [
                "read"
            ]
        },
        "superuserOverridePermissions": true,
        "analyticsEnabled": false,
        "draftNodesEnabled": true,
        "submitNodesEnabled": true
    },
    "site-url": "http:\/\/localhost"
}