{
    "nodes": [
        {
            "id": 16911,
            "postId": 9999,
            "author": {
                "id": "1",
                "name": "admin",
                "email": "floria.gu@ubc.ca",
                "original_author_name": "",
                "original_author_email": ""
            },
            "type": "tapestry_node",
            "size": "",
            "title": "Root",
            "status": "publish",
            "thumbnailFileId": "",
            "lockedThumbnailFileId": "",
            "reviewStatus": "",
            "imageURL": "",
            "lockedImageURL": "",
            "mediaType": "text",
            "presentationStyle": "",
            "mediaFormat": "",
            "mediaDuration": 0,
            "description": "",
            "behaviour": "new-window",
            "typeData": {
                "linkMetadata": null,
                "mediaURL": "",
                "mediaWidth": 960,
                "mediaHeight": 600,
                "textContent": ""
            },
            "coordinates": {
                "x": 2572.09716796875,
                "y": 3010.366455078125
            },
            "permissions": {
                "public": [
                    "read"
                ],
                "authenticated": [
                    "read"
                ],
                "contributor": [
                    "read"
                ],
                "subscriber": [
                    "read"
                ],
                "user-1": [
                    "read",
                    "add",
                    "edit"
                ]
            },
            "hideTitle": false,
            "hideProgress": false,
            "hideMedia": false,
            "backgroundColor": "#8396a1",
            "textColor": "white",
            "skippable": true,
            "fullscreen": false,
            "conditions": [],
            "childOrdering": [
                13277,
                13292,
                13300,
                13314,
                13318,
                13329,
                13507,
                13973
            ],
            "fitWindow": true,
            "reviewComments": [],
            "license": {
                "name": "CC-BY-SA",
                "icons": [
                    "fab fa-creative-commons",
                    "fab fa-creative-commons-by",
                    "fab fa-creative-commons-sa"
                ],
                "type": "cc",
                "link": "",
                "description": ""
            },
            "references": "",
            "mapCoordinates": {
                "lat": "",
                "lng": ""
            },
            "popup": null
        },
        {
            "id": 16914,
            "postId": 10000,
            "author": {
                "id": "1",
                "name": "admin",
                "email": "floria.gu@ubc.ca",
                "original_author_name": "",
                "original_author_email": ""
            },
            "type": "tapestry_node",
            "size": "",
            "title": "Local Video",
            "status": "publish",
            "thumbnailFileId": "",
            "lockedThumbnailFileId": "",
            "reviewStatus": "",
            "imageURL": "",
            "lockedImageURL": "",
            "mediaType": "video",
            "presentationStyle": "",
            "mediaFormat": "mp4",
            "mediaDuration": 4,
            "description": "",
            "behaviour": "new-window",
            "typeData": {
                "linkMetadata": null,
                "mediaURL": "short-jingle.mp4",
                "mediaWidth": 960,
                "mediaHeight": 600,
                "textContent": "",
                "activity": {
                    "questions": [
                        {
                            "text": "",
                            "followUp": {
                                "enabled": false,
                                "text": "",
                                "nodeId": null,
                                "questionId": null
                            },
                            "answerTypes": {
                                "text": {
                                    "enabled": false,
                                    "placeholder": "",
                                    "isMultiLine": false,
                                    "allowMultiple": false,
                                    "minFields": 1,
                                    "maxFields": 100
                                },
                                "audio": {
                                    "enabled": false
                                },
                                "dragDrop": {
                                    "enabled": false
                                },
                                "multipleChoice": {
                                    "enabled": false,
                                    "allowSelectMultiple": false,
                                    "useImages": false,
                                    "choices": [],
                                    "preSelectedOptions": []
                                }
                            },
                            "confirmation": {
                                "title": "",
                                "message": ""
                            },
                            "completed": false,
                            "optional": false,
                            "id": "c12b992c-b5d5-4c19-bc30-47b92370433b"
                        }
                    ]
                }
            },
            "coordinates": {
                "x": 2186.92198712331,
                "y": 2701.14137999429,
                "fx": 2186.92198712331,
                "fy": 2701.14137999429
            },
            "permissions": {
                "public": [
                    "read"
                ],
                "authenticated": [
                    "read"
                ],
                "contributor": [
                    "read"
                ],
                "subscriber": [
                    "read"
                ],
                "user-1": [
                    "read",
                    "add",
                    "edit"
                ]
            },
            "hideTitle": false,
            "hideProgress": false,
            "hideMedia": false,
            "backgroundColor": "#8396a1",
            "textColor": "white",
            "skippable": true,
            "fullscreen": false,
            "conditions": [],
            "childOrdering": [
                13281
            ],
            "fitWindow": true,
            "reviewComments": [],
            "license": {
                "name": "CC-BY-SA",
                "icons": [
                    "fab fa-creative-commons",
                    "fab fa-creative-commons-by",
                    "fab fa-creative-commons-sa"
                ],
                "type": "cc",
                "link": "",
                "description": ""
            },
            "references": "",
            "mapCoordinates": {
                "lat": "",
                "lng": ""
            },
            "popup": null
        },
        {
            "id": 16916,
            "postId": 10001,
            "author": {
                "id": "1",
                "name": "admin",
                "email": "floria.gu@ubc.ca",
                "original_author_name": "",
                "original_author_email": ""
            },
            "type": "tapestry_node",
            "size": "",
            "title": "YouTube Video",
            "status": "publish",
            "thumbnailFileId": "",
            "lockedThumbnailFileId": "",
            "reviewStatus": "",
            "imageURL": "https:\/\/i.ytimg.com\/vi\/IWZktANV-D8\/maxresdefault.jpg",
            "lockedImageURL": "https:\/\/i.ytimg.com\/vi\/IWZktANV-D8\/maxresdefault.jpg",
            "mediaType": "video",
            "presentationStyle": "",
            "mediaFormat": "youtube",
            "mediaDuration": 6056,
            "description": "",
            "behaviour": "new-window",
            "typeData": {
                "linkMetadata": {
                    "title": "Hollow Knight OST + Gods & Nightmares",
                    "description": "All music made by Christopher Larkin. Buy the game here! It's extremely good for the price! However, it is quite difficult. Expand for the links and tracklist. Steam: http:\/\/bit.ly\/2m0uEsm Humble Bundle: http:\/\/bit.ly\/2loGUGA GOG: http:\/\/bit.ly\/2lRQDG5 Tracklist: 1.) 0:00 Enter Hallownest 2.) 1:30 Dirtmouth 3.) 3:24 Crossroads 4.) 5:53 False Knight 5.) 8:57 Greenpath 6.) 12:34 Hornet 7.) 15:21 Reflection 8.) 17:00 Mantis Lords 9.) 18:46 City of Tears (Ft. Amelia Jones) 10.) 21:44 Dung Defender 11.) 23:52 Crystal Peak 12.) 28:00 Fungal Wastes 13.) 31:04 Decisive Battle 14.) 33:10 Soul Sanctum 15.) 37:41 Resting Grounds 16.) 39:53 Queen\u2019s Gardens 17.) 41:40 The White Lady 18.) 42:59 Broken Vessel 19.) 45:00 Kingdom\u2019s Edge 20.) 47:20 Nosk 21.) 49:11 Dream 22.) 51:12 Dream Battle 23.) 53:39 White Palace 24.) [57:56] Sealed Vessel 25.) [1:03:41] Radiance 26.) [1:06:00] Hollow Knight Gods & Nightmares 1.) 1:07:28 Hive Knight 2.) 1:09:30 Truth, Beauty and Hatred 3.)...",
                    "image": "https:\/\/i.ytimg.com\/vi\/IWZktANV-D8\/maxresdefault.jpg",
                    "url": "https:\/\/youtu.be\/IWZktANV-D8"
                },
                "mediaURL": "https:\/\/youtu.be\/IWZktANV-D8",
                "mediaWidth": 960,
                "mediaHeight": 600,
                "textContent": "",
                "activity": {
                    "questions": [
                        {
                            "text": "",
                            "followUp": {
                                "enabled": false,
                                "text": "",
                                "nodeId": null,
                                "questionId": null
                            },
                            "answerTypes": {
                                "text": {
                                    "enabled": false,
                                    "placeholder": "",
                                    "isMultiLine": false,
                                    "allowMultiple": false,
                                    "minFields": 1,
                                    "maxFields": 100
                                },
                                "audio": {
                                    "enabled": false
                                },
                                "dragDrop": {
                                    "enabled": false
                                },
                                "multipleChoice": {
                                    "enabled": false,
                                    "allowSelectMultiple": false,
                                    "useImages": false,
                                    "choices": [],
                                    "preSelectedOptions": []
                                }
                            },
                            "confirmation": {
                                "title": "",
                                "message": ""
                            },
                            "completed": false,
                            "optional": false,
                            "id": "7b305372-c3ed-4ef4-95a0-34988fbd9846"
                        }
                    ]
                },
                "youtubeID": "IWZktANV-D8"
            },
            "coordinates": {
                "x": 1688.7013152830796,
                "y": 2659.1662457097123,
                "fx": 1688.7013152830796,
                "fy": 2659.1662457097123
            },
            "permissions": {
                "public": [
                    "read"
                ],
                "authenticated": [
                    "read"
                ],
                "contributor": [
                    "read"
                ],
                "subscriber": [
                    "read"
                ],
                "user-1": [
                    "read",
                    "add",
                    "edit"
                ],
                "user-3": [
                    "read",
                    "edit"
                ],
                "user-2": [
                    "read",
                    "edit"
                ]
            },
            "hideTitle": false,
            "hideProgress": false,
            "hideMedia": false,
            "backgroundColor": "#8396a1",
            "textColor": "white",
            "skippable": true,
            "fullscreen": false,
            "conditions": [],
            "childOrdering": [],
            "fitWindow": true,
            "reviewComments": [],
            "license": {
                "name": "CC-BY-SA",
                "icons": [
                    "fab fa-creative-commons",
                    "fab fa-creative-commons-by",
                    "fab fa-creative-commons-sa"
                ],
                "type": "cc",
                "link": "",
                "description": ""
            },
            "references": "",
            "mapCoordinates": {
                "lat": "",
                "lng": ""
            },
            "popup": null
        },
        {
            "id": 16918,
            "postId": 10002,
            "author": {
                "id": "1",
                "name": "admin",
                "email": "floria.gu@ubc.ca",
                "original_author_name": "",
                "original_author_email": ""
            },
            "type": "tapestry_node",
            "size": "",
            "title": "Activity (multiple choice)",
            "status": "publish",
            "thumbnailFileId": "",
            "lockedThumbnailFileId": "",
            "reviewStatus": "",
            "imageURL": "",
            "lockedImageURL": "",
            "mediaType": "activity",
            "presentationStyle": "",
            "mediaFormat": "",
            "mediaDuration": 0,
            "description": "",
            "behaviour": "new-window",
            "typeData": {
                "linkMetadata": null,
                "mediaURL": "",
                "mediaWidth": 960,
                "mediaHeight": 600,
                "textContent": "",
                "activity": {
                    "questions": [
                        {
                            "text": "Multiple choice",
                            "followUp": {
                                "enabled": false,
                                "text": "",
                                "nodeId": null,
                                "questionId": null
                            },
                            "answerTypes": {
                                "text": {
                                    "enabled": false,
                                    "placeholder": "",
                                    "isMultiLine": false,
                                    "allowMultiple": false,
                                    "minFields": 1,
                                    "maxFields": 100
                                },
                                "audio": {
                                    "enabled": false
                                },
                                "dragDrop": {
                                    "enabled": false
                                },
                                "multipleChoice": {
                                    "enabled": true,
                                    "allowSelectMultiple": false,
                                    "useImages": true,
                                    "choices": [
                                        {
                                            "imageUrl": "mc-1.png",
                                            "value": "A",
                                            "id": "0bdb52f8-49b9-47ef-a534-c51b6f6bd961"
                                        },
                                        {
                                            "imageUrl": "mc-2.jpeg",
                                            "value": "B",
                                            "id": "98549dc5-92a7-412e-a6b9-af73c9dca009"
                                        }
                                    ],
                                    "preSelectedOptions": []
                                }
                            },
                            "confirmation": {
                                "title": "",
                                "message": ""
                            },
                            "completed": false,
                            "optional": false,
                            "id": "72433609-51fa-4fd3-9990-08d7e097c381"
                        }
                    ]
                }
            },
            "coordinates": {
                "x": 2032.4728838157212,
                "y": 3106.7485098004418,
                "fx": 2032.4728838157212,
                "fy": 3106.7485098004418
            },
            "permissions": {
                "public": [
                    "read"
                ],
                "authenticated": [
                    "read"
                ],
                "contributor": [
                    "read"
                ],
                "subscriber": [
                    "read"
                ],
                "user-1": [
                    "read",
                    "add",
                    "edit"
                ]
            },
            "hideTitle": false,
            "hideProgress": false,
            "hideMedia": false,
            "backgroundColor": "#8396a1",
            "textColor": "white",
            "skippable": true,
            "fullscreen": false,
            "conditions": [],
            "childOrdering": [],
            "fitWindow": true,
            "reviewComments": [],
            "license": {
                "name": "CC-BY-SA",
                "icons": [
                    "fab fa-creative-commons",
                    "fab fa-creative-commons-by",
                    "fab fa-creative-commons-sa"
                ],
                "type": "cc",
                "link": "",
                "description": ""
            },
            "references": "",
            "mapCoordinates": {
                "lat": "",
                "lng": ""
            },
            "popup": null
        },
        {
            "id": 16920,
            "postId": 10003,
            "author": {
                "id": "1",
                "name": "admin",
                "email": "floria.gu@ubc.ca",
                "original_author_name": "",
                "original_author_email": ""
            },
            "type": "tapestry_node",
            "size": "",
            "title": "Activity (drag drop)",
            "status": "publish",
            "thumbnailFileId": "",
            "lockedThumbnailFileId": "",
            "reviewStatus": "",
            "imageURL": "",
            "lockedImageURL": "",
            "mediaType": "activity",
            "presentationStyle": "",
            "mediaFormat": "",
            "mediaDuration": 0,
            "description": "",
            "behaviour": "new-window",
            "typeData": {
                "linkMetadata": null,
                "mediaURL": "",
                "mediaWidth": 960,
                "mediaHeight": 600,
                "textContent": "",
                "activity": {
                    "questions": [
                        {
                            "text": "Drag drop",
                            "followUp": {
                                "enabled": false,
                                "text": "",
                                "nodeId": null,
                                "questionId": null
                            },
                            "answerTypes": {
                                "text": {
                                    "enabled": false,
                                    "placeholder": "",
                                    "isMultiLine": false,
                                    "allowMultiple": false,
                                    "minFields": 1,
                                    "maxFields": 100
                                },
                                "audio": {
                                    "enabled": false
                                },
                                "dragDrop": {
                                    "enabled": true,
                                    "buckets": [
                                        {
                                            "id": "037263d2-de85-4d7b-8cc3-be7895a8fb84",
                                            "type": "from",
                                            "text": "Bucket 1"
                                        },
                                        {
                                            "id": "fb1f3bb2-65f2-4fac-873a-2e7f05803c4e",
                                            "type": "to",
                                            "text": "Bucket 2"
                                        },
                                        {
                                            "id": "99097508-77fd-4241-89cf-b8890dc09f0d",
                                            "type": "from",
                                            "text": "Bucket 3"
                                        }
                                    ],
                                    "items": [
                                        {
                                            "id": "89215eea-d17d-4e77-81eb-815055c2db3c",
                                            "color": "#808080",
                                            "text": "E",
                                            "imageUrl": "drag-drop-1.png",
                                            "bucketId": "037263d2-de85-4d7b-8cc3-be7895a8fb84"
                                        },
                                        {
                                            "id": "e576618c-6534-408a-943a-ab935f3eed17",
                                            "color": "#808080",
                                            "text": "F",
                                            "imageUrl": "drag-drop-2.png",
                                            "bucketId": "037263d2-de85-4d7b-8cc3-be7895a8fb84"
                                        },
                                        {
                                            "id": "1d5dc10c-ce4c-4bbf-a0c9-c6d239a1559c",
                                            "color": "#808080",
                                            "text": "G",
                                            "imageUrl": "drag-drop-3.jpg",
                                            "bucketId": "99097508-77fd-4241-89cf-b8890dc09f0d"
                                        }
                                    ],
                                    "useImages": true
                                },
                                "multipleChoice": {
                                    "enabled": false,
                                    "allowSelectMultiple": false,
                                    "useImages": false,
                                    "choices": [],
                                    "preSelectedOptions": []
                                }
                            },
                            "confirmation": {
                                "title": "",
                                "message": ""
                            },
                            "completed": false,
                            "optional": false,
                            "id": "1bd33266-bcd2-459f-aa51-6dbc0a22591b"
                        }
                    ]
                }
            },
            "coordinates": {
                "x": 2495.138856781964,
                "y": 3575.57352129902,
                "fx": 2495.138856781964,
                "fy": 3575.57352129902
            },
            "permissions": {
                "public": [
                    "read"
                ],
                "authenticated": [
                    "read"
                ],
                "contributor": [
                    "read"
                ],
                "subscriber": [
                    "read"
                ],
                "user-1": [
                    "read",
                    "add",
                    "edit"
                ]
            },
            "hideTitle": false,
            "hideProgress": false,
            "hideMedia": false,
            "backgroundColor": "#8396a1",
            "textColor": "white",
            "skippable": true,
            "fullscreen": false,
            "conditions": [],
            "childOrdering": [],
            "fitWindow": true,
            "reviewComments": [],
            "license": {
                "name": "CC-BY-SA",
                "icons": [
                    "fab fa-creative-commons",
                    "fab fa-creative-commons-by",
                    "fab fa-creative-commons-sa"
                ],
                "type": "cc",
                "link": "",
                "description": ""
            },
            "references": "",
            "mapCoordinates": {
                "lat": "",
                "lng": ""
            },
            "popup": null
        },
        {
            "id": 16924,
            "postId": 10005,
            "author": {
                "id": "1",
                "name": "admin",
                "email": "floria.gu@ubc.ca",
                "original_author_name": "",
                "original_author_email": ""
            },
            "type": "tapestry_node",
            "size": "",
            "title": "Multicontent with background image",
            "status": "publish",
            "thumbnailFileId": 10011,
            "lockedThumbnailFileId": 10012,
            "reviewStatus": "",
            "imageURL": "thumbnail.jpeg",
            "lockedImageURL": "locked-thumbnail.jpg",
            "mediaType": "multi-content",
            "presentationStyle": "accordion",
            "mediaFormat": "",
            "mediaDuration": 0,
            "description": "",
            "behaviour": "new-window",
            "typeData": {
                "lockRows": false,
                "finishButtonText": "Finish",
                "confirmationTitleText": "Section Complete!",
                "confirmationBodyText": "Would you like to continue?",
                "continueButtonText": "Continue",
                "cancelLinkText": "Cancel",
                "showNavBar": true,
                "linkMetadata": null,
                "mediaURL": "",
                "mediaWidth": 960,
                "mediaHeight": 600,
                "textContent": ""
            },
            "coordinates": {
                "x": 2002.4184088107268,
                "y": 3638.5564934657855,
                "fx": 2002.4184088107268,
                "fy": 3638.5564934657855
            },
            "permissions": {
                "public": [
                    "read"
                ],
                "authenticated": [
                    "read"
                ],
                "contributor": [
                    "read"
                ],
                "subscriber": [
                    "read"
                ],
                "user-1": [
                    "read",
                    "add",
                    "edit"
                ]
            },
            "hideTitle": false,
            "hideProgress": false,
            "hideMedia": false,
            "backgroundColor": "#2980B9",
            "textColor": "white",
            "skippable": true,
            "fullscreen": false,
            "conditions": [],
            "childOrdering": [],
            "fitWindow": true,
            "reviewComments": [],
            "license": {
                "name": "CC-BY-SA",
                "icons": [
                    "fab fa-creative-commons",
                    "fab fa-creative-commons-by",
                    "fab fa-creative-commons-sa"
                ],
                "type": "cc",
                "link": "",
                "description": ""
            },
            "references": "",
            "mapCoordinates": {
                "lat": "",
                "lng": ""
            },
            "popup": null
        },
        {
            "id": 16930,
            "postId": 10008,
            "author": {
                "id": "1",
                "name": "admin",
                "email": "floria.gu@ubc.ca",
                "original_author_name": "",
                "original_author_email": ""
            },
            "type": "tapestry_node",
            "size": "",
            "title": "Answer",
            "status": "publish",
            "thumbnailFileId": "",
            "lockedThumbnailFileId": "",
            "reviewStatus": "",
            "imageURL": "",
            "lockedImageURL": "",
            "mediaType": "answer",
            "presentationStyle": "",
            "mediaFormat": "",
            "mediaDuration": 0,
            "description": "",
            "behaviour": "new-window",
            "typeData": {
                "linkMetadata": null,
                "mediaURL": "",
                "mediaWidth": 960,
                "mediaHeight": 600,
                "textContent": "",
                "activityId": 16918,
                "questionId": "72433609-51fa-4fd3-9990-08d7e097c381",
                "isEditable": true
            },
            "coordinates": {
                "x": 3239.746915719633,
                "y": 2955.3483354519003
            },
            "permissions": {
                "public": [
                    "read"
                ],
                "authenticated": [
                    "read"
                ],
                "contributor": [
                    "read"
                ],
                "subscriber": [
                    "read"
                ],
                "user-1": [
                    "read",
                    "add",
                    "edit"
                ]
            },
            "hideTitle": false,
            "hideProgress": false,
            "hideMedia": false,
            "backgroundColor": "#8396a1",
            "textColor": "white",
            "skippable": true,
            "fullscreen": false,
            "conditions": [],
            "childOrdering": [],
            "fitWindow": true,
            "reviewComments": [],
            "license": {
                "name": "CC-BY-SA",
                "icons": [
                    "fab fa-creative-commons",
                    "fab fa-creative-commons-by",
                    "fab fa-creative-commons-sa"
                ],
                "type": "cc",
                "link": "",
                "description": ""
            },
            "references": "",
            "mapCoordinates": {
                "lat": "",
                "lng": ""
            },
            "popup": null
        },
        {
            "id": 16964,
            "postId": 10027,
            "author": {
                "id": "1",
                "name": "admin",
                "email": "floria.gu@ubc.ca",
                "original_author_name": "",
                "original_author_email": ""
            },
            "type": "tapestry_node",
            "size": "",
            "title": "External Link",
            "status": "publish",
            "thumbnailFileId": "",
            "lockedThumbnailFileId": "",
            "reviewStatus": "",
            "imageURL": "https:\/\/github.githubassets.com\/images\/modules\/site\/social-cards\/github-social.png",
            "lockedImageURL": "https:\/\/github.githubassets.com\/images\/modules\/site\/social-cards\/github-social.png",
            "mediaType": "url-embed",
            "presentationStyle": "",
            "mediaFormat": "",
            "mediaDuration": 0,
            "description": "",
            "behaviour": "new-window",
            "typeData": {
                "linkMetadata": {
                    "title": "GitHub: Where the world builds software",
                    "description": "GitHub is where over 83 million developers shape the future of software, together. Contribute to the open source community, manage your Git repositories, review code like a pro, track bugs and feat...",
                    "image": "https:\/\/github.githubassets.com\/images\/modules\/site\/social-cards\/github-social.png",
                    "url": "https:\/\/github.com\/"
                },
                "mediaURL": "https:\/\/github.com\/",
                "mediaWidth": 960,
                "mediaHeight": 600,
                "textContent": ""
            },
            "coordinates": {
                "x": 2941.027416411821,
                "y": 3401.0029176184485
            },
            "permissions": {
                "public": [
                    "read"
                ],
                "authenticated": [
                    "read"
                ],
                "contributor": [
                    "read"
                ],
                "subscriber": [
                    "read"
                ],
                "user-1": [
                    "read",
                    "add",
                    "edit"
                ]
            },
            "hideTitle": false,
            "hideProgress": false,
            "hideMedia": false,
            "backgroundColor": "#8396a1",
            "textColor": "white",
            "skippable": true,
            "fullscreen": false,
            "conditions": [],
            "childOrdering": [],
            "fitWindow": true,
            "reviewComments": [],
            "license": {
                "name": "CC-BY-SA",
                "icons": [
                    "fab fa-creative-commons",
                    "fab fa-creative-commons-by",
                    "fab fa-creative-commons-sa"
                ],
                "type": "cc",
                "link": "",
                "description": ""
            },
            "references": "",
            "mapCoordinates": {
                "lat": "",
                "lng": ""
            },
            "popup": null
        }
    ],
    "links": [
        {
            "source": 16911,
            "target": 16914,
            "value": 1,
            "type": "",
            "addedOnNodeCreation": true
        },
        {
            "source": 16914,
            "target": 16916,
            "value": 1,
            "type": "",
            "addedOnNodeCreation": true
        },
        {
            "source": 16911,
            "target": 16918,
            "value": 1,
            "type": "",
            "addedOnNodeCreation": true
        },
        {
            "source": 16911,
            "target": 16920,
            "value": 1,
            "type": "",
            "addedOnNodeCreation": true
        },
        {
            "source": 16911,
            "target": 16922,
            "value": 1,
            "type": "",
            "addedOnNodeCreation": true
        },
        {
            "source": 16911,
            "target": 16924,
            "value": 1,
            "type": "",
            "addedOnNodeCreation": true
        },
        {
            "source": 16911,
            "target": 16926,
            "value": 1,
            "type": "",
            "addedOnNodeCreation": true
        },
        {
            "source": 16924,
            "target": 16928,
            "value": 1,
            "type": "",
            "addedOnNodeCreation": true
        },
        {
            "source": 16911,
            "target": 16930,
            "value": 1,
            "type": "",
            "addedOnNodeCreation": true
        },
        {
            "source": 16911,
            "target": 16932,
            "value": 1,
            "type": "",
            "addedOnNodeCreation": true
        },
        {
            "source": 16924,
            "target": 16934,
            "value": 1,
            "type": "",
            "addedOnNodeCreation": true
        },
        {
            "source": 16911,
            "target": 16964,
            "value": 1,
            "type": "",
            "addedOnNodeCreation": true
        }
    ],
    "settings": {
        "backgroundUrl": "background-image.jpeg",
        "autoLayout": false,
        "showAccess": true,
        "showRejected": false,
        "showAcceptedHighlight": true,
        "defaultPermissions": {
            "public": [
                "read"
            ],
            "authenticated": [
                "read"
            ],
            "contributor": [
                "read"
            ],
            "subscriber": [
                "read"
            ]
        },
        "superuserOverridePermissions": true,
        "analyticsEnabled": false,
        "draftNodesEnabled": true,
        "submitNodesEnabled": true,
        "defaultDepth": 3,
        "renderImages": true,
        "renderMap": false,
        "mapBounds": {
            "neLat": 90,
            "neLng": 180,
            "swLat": -90,
            "swLng": -180
        }
    },
    "site-url": "http:\/\/localhost"
}