{
  "nodes": [
    {
      "id": 15919,
      "postId": 9468,
      "author": {
        "id": "1",
        "name": "admin",
        "email": "floria.gu@ubc.ca",
        "original_author_name": "",
        "original_author_email": ""
      },
      "type": "tapestry_node",
      "size": "",
      "title": "Root",
      "status": "publish",
      "thumbnailFileId": "",
      "lockedThumbnailFileId": "",
      "reviewStatus": "",
      "imageURL": "",
      "lockedImageURL": "",
      "mediaType": "text",
      "presentationStyle": "",
      "mediaFormat": "",
      "mediaDuration": 0,
      "description": "",
      "behaviour": "new-window",
      "typeData": {
        "linkMetadata": null,
        "mediaURL": "",
        "mediaWidth": 960,
        "mediaHeight": 600,
        "textContent": ""
      },
      "coordinates": { "x": 3000, "y": 3000 },
      "permissions": {
        "public": ["read"],
        "authenticated": ["read"],
        "contributor": ["read"],
        "subscriber": ["read"],
        "user-1": ["read", "add", "edit"]
      },
      "hideTitle": false,
      "hideProgress": false,
      "hideMedia": false,
      "backgroundColor": "#8396a1",
      "textColor": "white",
      "skippable": true,
      "fullscreen": false,
      "conditions": [],
      "childOrdering": [],
      "fitWindow": true,
      "reviewComments": [],
      "license": {
        "name": "CC-BY-SA",
        "icons": [
          "fab fa-creative-commons",
          "fab fa-creative-commons-by",
          "fab fa-creative-commons-sa"
        ],
        "type": "cc",
        "link": "",
        "description": ""
      },
      "references": "",
      "mapCoordinates": { "lat": "", "lng": "" },
      "popup": null
    },
    {
      "id": 15926,
      "postId": 9471,
      "author": {
        "id": "1",
        "name": "admin",
        "email": "floria.gu@ubc.ca",
        "original_author_name": "",
        "original_author_email": ""
      },
      "type": "tapestry_node",
      "size": "",
      "title": "Activity node",
      "status": "publish",
      "thumbnailFileId": "",
      "lockedThumbnailFileId": "",
      "reviewStatus": "",
      "imageURL": "",
      "lockedImageURL": "",
      "mediaType": "activity",
      "presentationStyle": "",
      "mediaFormat": "",
      "mediaDuration": 0,
      "description": "",
      "behaviour": "new-window",
      "typeData": {
        "linkMetadata": null,
        "mediaURL": "",
        "mediaWidth": 960,
        "mediaHeight": 600,
        "textContent": "",
        "activity": {
          "questions": [
            {
              "text": "Question",
              "followUp": {
                "enabled": false,
                "text": "",
                "nodeId": null,
                "questionId": null
              },
              "answerTypes": {
                "text": {
                  "enabled": false,
                  "placeholder": "",
                  "isMultiLine": false,
                  "allowMultiple": false,
                  "minFields": 1,
                  "maxFields": 100
                },
                "audio": { "enabled": false },
                "dragDrop": { "enabled": false },
                "multipleChoice": {
                  "enabled": true,
                  "allowSelectMultiple": false,
                  "useImages": true,
                  "choices": [
                    {
                      "imageUrl": "mc-1-3.jpeg",
                      "value": "A",
                      "id": "884303bd-56c4-42a2-956f-5cb448fb5827"
                    },
                    {
                      "imageUrl": "mc-2-3.jpeg",
                      "value": "B",
                      "id": "772be26c-8243-49d1-a027-ce481848f544"
                    }
                  ],
                  "preSelectedOptions": []
                }
              },
              "confirmation": { "title": "", "message": "" },
              "completed": false,
              "optional": false,
              "id": "bcf6c344-c30f-481e-a72f-2ee1fc0a2764"
            }
          ]
        }
      },
      "coordinates": { "x": 2616.8976373346927, "y": 2716.7461484742944 },
      "permissions": {
        "public": ["read"],
        "authenticated": ["read"],
        "contributor": ["read"],
        "subscriber": ["read"],
        "user-1": ["read", "add", "edit"]
      },
      "hideTitle": false,
      "hideProgress": false,
      "hideMedia": false,
      "backgroundColor": "#8396a1",
      "textColor": "white",
      "skippable": true,
      "fullscreen": false,
      "conditions": [],
      "childOrdering": [],
      "fitWindow": true,
      "reviewComments": [],
      "license": {
        "name": "CC-BY-SA",
        "icons": [
          "fab fa-creative-commons",
          "fab fa-creative-commons-by",
          "fab fa-creative-commons-sa"
        ],
        "type": "cc",
        "link": "",
        "description": ""
      },
      "references": "",
      "mapCoordinates": { "lat": "", "lng": "" },
      "popup": null
    },
    {
      "id": 15928,
      "postId": 9472,
      "author": {
        "id": "1",
        "name": "admin",
        "email": "floria.gu@ubc.ca",
        "original_author_name": "",
        "original_author_email": ""
      },
      "type": "tapestry_node",
      "size": "",
      "title": "Answer node",
      "status": "publish",
      "thumbnailFileId": "",
      "lockedThumbnailFileId": "",
      "reviewStatus": "",
      "imageURL": "",
      "lockedImageURL": "",
      "mediaType": "answer",
      "presentationStyle": "",
      "mediaFormat": "",
      "mediaDuration": 0,
      "description": "",
      "behaviour": "new-window",
      "typeData": {
        "linkMetadata": null,
        "mediaURL": "",
        "mediaWidth": 960,
        "mediaHeight": 600,
        "textContent": "",
        "activityId": 15926,
        "questionId": "bcf6c344-c30f-481e-a72f-2ee1fc0a2764"
      },
      "coordinates": { "x": 3111.4662884903173, "y": 2588.17985402617 },
      "permissions": {
        "public": ["read"],
        "authenticated": ["read"],
        "contributor": ["read"],
        "subscriber": ["read"],
        "user-1": ["read", "add", "edit"]
      },
      "hideTitle": false,
      "hideProgress": false,
      "hideMedia": false,
      "backgroundColor": "#8396a1",
      "textColor": "white",
      "skippable": true,
      "fullscreen": false,
      "conditions": [],
      "childOrdering": [],
      "fitWindow": true,
      "reviewComments": [],
      "license": {
        "name": "CC-BY-SA",
        "icons": [
          "fab fa-creative-commons",
          "fab fa-creative-commons-by",
          "fab fa-creative-commons-sa"
        ],
        "type": "cc",
        "link": "",
        "description": ""
      },
      "references": "",
      "mapCoordinates": { "lat": "", "lng": "" },
      "popup": null
    }
  ],
  "settings": {
    "backgroundUrl": "",
    "autoLayout": false,
    "showAccess": true,
    "showRejected": false,
    "showAcceptedHighlight": true,
    "defaultPermissions": {
      "public": ["read"],
      "authenticated": ["read"],
      "contributor": ["read"],
      "subscriber": ["read"]
    },
    "superuserOverridePermissions": true,
    "analyticsEnabled": false,
    "draftNodesEnabled": true,
    "submitNodesEnabled": true
  },
  "site-url": "http://localhost"
}
