{
    "nodes": [
        {
            "id": 2708,
            "postId": 1574,
            "author": {
                "id": "1",
                "name": "admin",
                "email": "gfzting@gmail.com",
                "original_author_name": "",
                "original_author_email": ""
            },
            "type": "tapestry_node",
            "size": "",
            "title": "Root",
            "status": "publish",
            "thumbnailFileId": 1575,
            "lockedThumbnailFileId": "",
            "reviewStatus": "",
            "imageURL": "http:\/\/localhost\/wordpress\/wp-content\/uploads\/reddit-4.png",
            "lockedImageURL": "",
            "mediaType": "text",
            "presentationStyle": "",
            "mediaFormat": "",
            "mediaDuration": 0,
            "description": "",
            "behaviour": "new-window",
            "typeData": {
                "linkMetadata": null,
                "mediaURL": "",
                "mediaWidth": 960,
                "mediaHeight": 600,
                "textContent": ""
            },
            "coordinates": {
                "x": 3000,
                "y": 3000,
                "fx": 3000,
                "fy": 3000
            },
            "permissions": {
                "public": [
                    "read"
                ],
                "authenticated": [
                    "read"
                ],
                "contributor": [
                    "read"
                ],
                "subscriber": [
                    "read"
                ],
                "user-1": [
                    "read",
                    "add",
                    "edit"
                ]
            },
            "hideTitle": false,
            "hideProgress": false,
            "hideMedia": false,
            "backgroundColor": "#8396a1",
            "textColor": "white",
            "skippable": true,
            "fullscreen": false,
            "conditions": [],
            "childOrdering": [],
            "fitWindow": true,
            "reviewComments": [],
            "license": {
                "name": "CC-BY-SA",
                "icons": [
                    "fab fa-creative-commons",
                    "fab fa-creative-commons-by",
                    "fab fa-creative-commons-sa"
                ],
                "type": "cc",
                "link": "",
                "description": ""
            },
            "references": "",
            "mapCoordinates": {
                "lat": "",
                "lng": ""
            },
            "popup": null
        }
    ],
    "links": [],
    "settings": {
        "backgroundUrl": "",
        "autoLayout": false,
        "showAccess": true,
        "showRejected": false,
        "showAcceptedHighlight": true,
        "defaultPermissions": {
            "public": [
                "read"
            ],
            "authenticated": [
                "read"
            ],
            "contributor": [
                "read"
            ],
            "subscriber": [
                "read"
            ]
        },
        "superuserOverridePermissions": true,
        "analyticsEnabled": false,
        "draftNodesEnabled": true,
        "submitNodesEnabled": true
    },
    "site-url": "http:\/\/localhost",
    "warnings": true
}